<?xml version="1.0" encoding="UTF-8"?>
<project xmlns="http://maven.apache.org/POM/4.0.0" xmlns:xsi="http://www.w3.org/2001/XMLSchema-instance"
	xsi:schemaLocation="http://maven.apache.org/POM/4.0.0 http://maven.apache.org/xsd/maven-4.0.0.xsd">
	<modelVersion>4.0.0</modelVersion>
	<artifactId>snr-mwl-services-core</artifactId>
	<version>1.0.0-SNAPSHOT</version>
	<name>snr-mwl-services-core</name>


<dependencyManagement>
		<dependencies>
			<dependency>
				<groupId>org.springframework</groupId>
				<artifactId>spring-framework-bom</artifactId>
				<version>4.1.5.RELEASE</version>
				<type>pom</type>
				<scope>import</scope>
			</dependency>
		</dependencies>
	</dependencyManagement>

	<properties>
		<project.build.sourceEncoding>UTF-8</project.build.sourceEncoding>
		<slf4j.version>1.6.4</slf4j.version>
		<cxf.version>2.7.13</cxf.version>
		<javax.rs.version>2.0.1</javax.rs.version>

		<maven.test.skip>false</maven.test.skip>
		<project.build.sourceEncoding>UTF-8</project.build.sourceEncoding>
		<hibernate.version>3.6.9.Final</hibernate.version>
		<rabbitmq.version>3.1.4</rabbitmq.version>
		<jackson.version>1.9.4</jackson.version>
		<commons.beanutils.version>1.8.3</commons.beanutils.version>
		<quartz.version>2.1.3</quartz.version>

		<mwl.version>1.0.0-SNAPSHOT</mwl.version>
		<mwl.parent.version>1.0.0-SNAPSHOT</mwl.parent.version>
		<snr.parent.version>1.0.0-SNAPSHOT</snr.parent.version>
		<version.mysql.connector>5.1.12</version.mysql.connector>
		<app.jdbc.driverClassName>com.mysql.jdbc.Driver</app.jdbc.driverClassName>
		<javax.servlet.version>2.5</javax.servlet.version>
		<jdk.version>1.7</jdk.version>
		<org.slf4j.api.version>1.7.5</org.slf4j.api.version>
		<org.slf4j.simple.version>1.7.5</org.slf4j.simple.version>
		<slf4j.version>1.7.5</slf4j.version>
	</properties>

	<build>
		<!-- <finalName>${project.artifactId}</finalName> -->
		<plugins>
			<plugin>
				<groupId>org.apache.maven.plugins</groupId>
				<artifactId>maven-compiler-plugin</artifactId>
				<version>3.1</version>
				<configuration>
					<source>1.7</source>
					<target>1.7</target>
				</configuration>
			</plugin>
		</plugins>
	</build>
	<dependencies>

		<dependency>
			<groupId>junit</groupId>
			<artifactId>junit</artifactId>
			<version>4.10</version>
		</dependency>
		<dependency>
			<groupId>org.slf4j</groupId>
			<artifactId>slf4j-api</artifactId>
			<version>${org.slf4j.api.version}</version>
		</dependency>
		<dependency>

			<groupId>org.slf4j</groupId>
			<artifactId>slf4j-simple</artifactId>
			<version>${org.slf4j.simple.version}</version>
		</dependency>


		<dependency>
			<groupId>org.springframework</groupId>
			<artifactId>spring-context</artifactId>
		</dependency>

		<dependency>
			<groupId>org.sensenrespond</groupId>
			<artifactId>snr-mwl-domain-core</artifactId>
			<version>1.0.0-SNAPSHOT</version>
		</dependency>
		<dependency>
			<groupId>org.sensenrespond</groupId>
			<artifactId>snr-mwl-utils</artifactId>
			<version>1.0.0-SNAPSHOT</version>
		</dependency>
		<dependency>
			<groupId>org.sensenrespond</groupId>
			<artifactId>snr-mwl-db-core</artifactId>
			<version>1.0.0-SNAPSHOT</version>
		</dependency>
		<dependency>
			<groupId>com.google.code.gson</groupId>
			<artifactId>gson</artifactId>
			<version>1.7.1</version>
		</dependency>

		<!-- TEST -->



		<!-- END TEST -->

		<dependency>
			<groupId>commons-codec</groupId>
			<artifactId>commons-codec</artifactId>
			<version>1.4</version>
		</dependency>

	</dependencies>


	<distributionManagement>
		<repository>
			<id>deployment</id>
			<name>Internal Releases</name>
			<url>http://sensenrespond.com:8081/nexus/content/repositories/SenseAndResponse-RELEASE/</url>
		</repository>
		<snapshotRepository>
			<id>deployment</id>
			<name>Internal Releases</name>
			<url>http://sensenrespond.com:8081/nexus/content/repositories/SenseAndRespond-SNAPSHOT/</url>
		</snapshotRepository>
	</distributionManagement>
	<groupId>org.sensenrespond</groupId>
</project>
